"id";"value";"date"
1;301043;"02/06/2019"
2;339249;"03/06/2019"
3;450457;"04/06/2019"
4;301410;"05/06/2019"
5;96170;"06/06/2019"
6;417039;"07/06/2019"
7;395440;"08/06/2019"
8;280683;"09/06/2019"
9;152336;"10/06/2019"
10;113789;"11/06/2019"
11;434242;"12/06/2019"
12;12236;"13/06/2019"
13;118724;"14/06/2019"
14;354949;"15/06/2019"
15;50936;"16/06/2019"
16;82133;"17/06/2019"
17;184785;"18/06/2019"
18;124029;"19/06/2019"
19;116474;"20/06/2019"
20;425515;"21/06/2019"
21;257768;"22/06/2019"
22;331494;"23/06/2019"
23;480684;"24/06/2019"
24;374499;"25/06/2019"
25;65370;"26/06/2019"
26;153583;"27/06/2019"
27;37126;"28/06/2019"
28;176941;"29/06/2019"
29;257835;"30/06/2019"
30;34401;"01/07/2019"
31;176267;"02/07/2019"
32;102409;"03/07/2019"
33;329926;"04/07/2019"
34;284482;"05/07/2019"
35;61390;"06/07/2019"
36;424858;"07/07/2019"
37;172826;"08/07/2019"
38;476869;"09/07/2019"
39;418145;"10/07/2019"
40;393376;"11/07/2019"
41;318245;"12/07/2019"
42;476845;"13/07/2019"
43;50261;"14/07/2019"
44;23898;"15/07/2019"
45;405522;"16/07/2019"
46;111574;"17/07/2019"
47;315493;"18/07/2019"
48;229067;"19/07/2019"
49;479461;"20/07/2019"
50;189114;"21/07/2019"
51;328217;"22/07/2019"
52;205153;"23/07/2019"
53;223591;"24/07/2019"
54;267427;"25/07/2019"
55;176923;"26/07/2019"
56;2941;"27/07/2019"
57;45842;"28/07/2019"
58;355779;"29/07/2019"
59;420742;"30/07/2019"
60;227051;"31/07/2019"
61;63464;"01/08/2019"
62;437700;"02/08/2019"
63;81633;"03/08/2019"
64;365881;"04/08/2019"
65;497994;"05/08/2019"
66;333186;"06/08/2019"
67;377479;"07/08/2019"
68;214528;"08/08/2019"
69;355066;"09/08/2019"
70;229273;"10/08/2019"
71;261613;"11/08/2019"
72;306777;"12/08/2019"
73;290200;"13/08/2019"
74;139653;"14/08/2019"
75;12414;"15/08/2019"
76;382926;"16/08/2019"
77;348980;"17/08/2019"
78;245695;"18/08/2019"
79;151945;"19/08/2019"
80;175835;"20/08/2019"
81;353936;"21/08/2019"
82;22679;"22/08/2019"
83;36089;"23/08/2019"
84;109809;"24/08/2019"
85;170111;"25/08/2019"
86;101170;"26/08/2019"
87;79383;"27/08/2019"
88;120919;"28/08/2019"
89;303514;"29/08/2019"
90;288101;"30/08/2019"
91;192798;"31/08/2019"
92;471395;"01/09/2019"
93;300492;"02/09/2019"
94;376566;"03/09/2019"
95;202694;"04/09/2019"
96;121410;"05/09/2019"
97;496728;"06/09/2019"
98;134127;"07/09/2019"
99;410532;"08/09/2019"
100;268889;"09/09/2019"
